Experiment,Final State,Collisions,Iterations,Execution Time
7,"[3, 1, 6, 2, 5, 7, 0, 4]",0,515,0.021941184997558594
16,"[2, 0, 6, 4, 7, 1, 3, 5]",0,525,0.016932010650634766
25,"[6, 1, 3, 0, 7, 4, 2, 5]",0,516,0.02800750732421875
